ticker,company_name,quarter_end,currency,scale_printed,source_file,compliance_date,1_1_q,1_1_ytd,1_2a_q,1_2a_ytd,1_2b_q,1_2b_ytd,1_2c_q,1_2c_ytd,1_2d_q,1_2d_ytd,1_2e_q,1_2e_ytd,1_3_q,1_3_ytd,1_4_q,1_4_ytd,1_5_q,1_5_ytd,1_6_q,1_6_ytd,1_7_q,1_7_ytd,1_8_q,1_8_ytd,1_9_q,1_9_ytd,2_1a_q,2_1a_ytd,2_1b_q,2_1b_ytd,2_1c_q,2_1c_ytd,2_1d_q,2_1d_ytd,2_1e_q,2_1e_ytd,2_1f_q,2_1f_ytd,2_2a_q,2_2a_ytd,2_2b_q,2_2b_ytd,2_2c_q,2_2c_ytd,2_2d_q,2_2d_ytd,2_2e_q,2_2e_ytd,2_3_q,2_3_ytd,2_4_q,2_4_ytd,2_5_q,2_5_ytd,2_6_q,2_6_ytd,3_1_q,3_1_ytd,3_2_q,3_2_ytd,3_3_q,3_3_ytd,3_4_q,3_4_ytd,3_5_q,3_5_ytd,3_6_q,3_6_ytd,3_7_q,3_7_ytd,3_8_q,3_8_ytd,3_9_q,3_9_ytd,3_10_q,3_10_ytd,4_1_q,4_1_ytd,4_2_q,4_2_ytd,4_3_q,4_3_ytd,4_4_q,4_4_ytd,4_5_q,4_5_ytd,4_6_q,4_6_ytd,5_1_q,5_1_prev,5_2_q,5_2_prev,5_3_q,5_3_prev,5_4_q,5_4_prev,5_5_q,5_5_prev,6_1_q,6_2_q,7_1_total,7_1_drawn,7_2_total,7_2_drawn,7_3_total,7_3_drawn,7_4_total,7_4_drawn,7_5,8_1,8_2,8_3,8_4,8_5,8_6,8_7,txt_1_8,txt_2_5,txt_3_9,txt_7_6,txt_8_8_1,txt_8_8_2,txt_8_8_3,txt_other_notes,extra_lines,extraction_flags,8_7_display,cleaning_notes
ASX:AEE,Aura Energy Limited,2025-12-31,AUD,$A'000,Aura_Energy___Quarterly_Activities_and_Cash_Flow_Report_-_December_2025.pdf,2026-01-30,0.0,0.0,0.0,0.0,0.0,0.0,0.0,0.0,-1024000.0,-1587000.0,-2060000.0,-2915000.0,0.0,0.0,64000.0,140000.0,0.0,0.0,0.0,0.0,0.0,0.0,0.0,0.0,-3020000.0,-4363000.0,0.0,0.0,0.0,0.0,0.0,-6000.0,-1610000.0,-4204000.0,0.0,0.0,0.0,0.0,0.0,0.0,0.0,0.0,0.0,0.0,0.0,0.0,0.0,0.0,0.0,0.0,0.0,0.0,0.0,0.0,-1610000.0,-4204000.0,0.0,0.0,0.0,0.0,0.0,1197000.0,0.0,-7000.0,0.0,0.0,0.0,0.0,0.0,0.0,0.0,0.0,-46000.0,-102000.0,-46000.0,1087000.0,8888000.0,11741000.0,-3020000.0,-4363000.0,-1610000.0,-4204000.0,-46000.0,1087000.0,-16000.0,-66000.0,4196000.0,4196000.0,1696000.0,2388000.0,2500000.0,6500000.0,0.0,0.0,0.0,0.0,4196000.0,8888000.0,723000.0,0.0,0.0,0.0,0.0,0.0,0.0,0.0,0.0,0.0,0.0,-3020000.0,-1610000.0,-4630000.0,4196000.0,0.0,4196000.0,0.91,,,payments of Lease Liabilities,,Yes. The Company announced that it is in the process of completing a capital raising.,"Yes, the Company is confident that it will be successful in raising further capital as and when required to continue its development activities. On 23 January 2026, the Company announced that the MMCAP and certain other strategic investors (together the ‘Strategic Investors’) will provide funding of C$10 million for a 19.7% interest in the Company’s polymetallic Häggån project located in Sweden, establishing its value at C$50 million. The proceeds will be used to advance the Häggån project, including permitting, and resource expansion through continued exploration including on surrounding tenements.","Yes, for the reasons noted above.","Item 6.1 – Payments for director fees to non-executive and executive directors in the normal course of business at commercial rates, including statutory superannuation and income tax paid on their behalf, and excluding reimbursements of out-of-pocket expenses. The payment during the quarter includes: • A one-off termination payment of $0.5 million made to the former Managing Director, Andrew Grove following their resignation during the quarter. The payment was made in accordance with the Mr Grove’s employment agreement and comprised of his notice, accrued leave entitlements and statutory superannuation. Mr Grove ceased to be an officer during the quarter, and no further payments are payable; and • $16,766 paid to Liesl Kemp under an arm’s length, casual employment contract for investor relations support services. Liesl is a related party of previous Managing Director, Andrew Grove.",,ticker not stated in message (ASX:AEE used); 2.6 YTD printed -4204 but 2.1(c) -6 + 2.1(d) -4204 = -4210,0.91,
ASX:AEE,Aura Energy Limited,2026-03-31,AUD,$A'000,Aura_Energy___Quarterly_Activities_and_Cash_Flow_Report_-_March_2026.pdf,2026-04-30,0.0,0.0,0.0,0.0,0.0,0.0,0.0,0.0,-1189000.0,-2916000.0,-1177000.0,-3952000.0,0.0,0.0,33000.0,173000.0,0.0,0.0,0.0,0.0,0.0,0.0,0.0,0.0,-2333000.0,-6695000.0,0.0,0.0,0.0,0.0,-1000.0,-7000.0,-1510000.0,-5714000.0,0.0,0.0,0.0,0.0,0.0,0.0,0.0,0.0,0.0,0.0,0.0,0.0,0.0,0.0,0.0,0.0,0.0,0.0,0.0,0.0,-1511000.0,-5721000.0,20000000.0,20000000.0,0.0,0.0,0.0,1197000.0,-1080000.0,-1087000.0,0.0,0.0,0.0,0.0,0.0,0.0,0.0,0.0,-45000.0,-147000.0,18875000.0,19963000.0,4196000.0,11741000.0,-2333000.0,-6695000.0,-1511000.0,-5721000.0,18875000.0,19963000.0,11000.0,-50000.0,19238000.0,19238000.0,1438000.0,1696000.0,17800000.0,2500000.0,0.0,0.0,0.0,0.0,19238000.0,4196000.0,332000.0,0.0,0.0,0.0,0.0,0.0,0.0,0.0,0.0,0.0,0.0,-2333000.0,-1511000.0,-3844000.0,19238000.0,0.0,19238000.0,5.0,,,payments of Lease Liabilities,,N/A.,N/A.,,"Item 6.1 – Payments for director fees to non-executive and executive directors in the normal course of business at commercial rates, including statutory superannuation and income tax paid on their behalf, and excluding reimbursements of out-of-pocket expenses.",,ticker not stated in message (ASX:AEE used); 8.2 printed -1511 but item 2.1(d) printed -1510,5,
ASX:AEE,Aura Energy Limited,2026-06-30,AUD,$A'000,Aura_Energy___Quarterly_Activities_and_Cash_Flow_Report_-_June_2026.pdf,2026-07-31,0.0,0.0,0.0,0.0,0.0,0.0,0.0,0.0,-740000.0,-3516000.0,-803000.0,-4895000.0,0.0,0.0,122000.0,295000.0,0.0,0.0,0.0,0.0,0.0,0.0,0.0,0.0,-1421000.0,-8116000.0,0.0,0.0,0.0,0.0,-64000.0,-71000.0,-1666000.0,-7380000.0,-100000.0,-100000.0,0.0,0.0,0.0,0.0,0.0,0.0,0.0,0.0,0.0,0.0,0.0,0.0,0.0,0.0,0.0,0.0,0.0,0.0,-1830000.0,-7551000.0,0.0,20000000.0,0.0,0.0,0.0,1197000.0,0.0,-1087000.0,0.0,0.0,0.0,0.0,0.0,0.0,0.0,0.0,-55000.0,-202000.0,-55000.0,19908000.0,19238000.0,11741000.0,-1421000.0,-8116000.0,-1830000.0,-7551000.0,-55000.0,19908000.0,42000.0,-8000.0,15974000.0,15974000.0,3174000.0,1438000.0,12800000.0,17800000.0,0.0,0.0,0.0,0.0,15974000.0,19238000.0,204000.0,0.0,0.0,0.0,0.0,0.0,0.0,0.0,0.0,0.0,0.0,-1421000.0,-1666000.0,-3087000.0,15974000.0,0.0,15974000.0,5.17,,,payments of Lease Liabilities,,"Net operating cash flows are expected to increase in September quarter, reflecting the construction and commissioning of the Tiris pilot plant and completion of the Bankable Feasibility Study (refer to the Quarterly Activities Report for further details).",The Company's funding pathway spans multiple complementary sources. Selection of a financing structure is targeted by year-end 2026 (refer to the Quarterly Activities Report for further details).,"Yes, on the basis of cash held at quarter end, the funding pathway outlined above, and the Company's ability to phase discretionary expenditure if required pending completion of the financing process.","Item 6.1 – Payments for director fees to non-executive and executive directors in the normal course of business at commercial rates, including statutory superannuation and income tax paid on their behalf, and excluding reimbursements of out-of-pocket expenses.",,ticker not stated in message (ASX:AEE used),5.17,
ASX:AMU,AMERICAN URANIUM LIMITED,2026-06-30,AUD,$A'000,asxamuquater.pdf,2026-07-28,0.0,0.0,0.0,0.0,0.0,0.0,0.0,0.0,-91000.0,-145000.0,-358000.0,-616000.0,0.0,0.0,0.0,1000.0,0.0,0.0,0.0,0.0,0.0,0.0,0.0,0.0,-449000.0,-760000.0,0.0,0.0,0.0,0.0,0.0,0.0,-1162000.0,-2382000.0,0.0,0.0,0.0,0.0,0.0,0.0,0.0,0.0,0.0,0.0,0.0,0.0,0.0,0.0,0.0,0.0,0.0,0.0,0.0,0.0,-1162000.0,-2382000.0,2640000.0,2640000.0,0.0,0.0,0.0,0.0,-167000.0,-167000.0,0.0,0.0,0.0,0.0,0.0,0.0,0.0,0.0,0.0,0.0,2473000.0,2473000.0,373000.0,1939000.0,-449000.0,-760000.0,-1162000.0,-2382000.0,2473000.0,2473000.0,7000.0,-28000.0,1242000.0,1242000.0,1222000.0,353000.0,20000.0,20000.0,0.0,0.0,0.0,0.0,1242000.0,373000.0,67000.0,72000.0,0.0,0.0,0.0,0.0,153000.0,0.0,153000.0,0.0,153000.0,-449000.0,-1162000.0,-1611000.0,1242000.0,153000.0,1395000.0,0.9,,,,"On 12 September 2023, the Company advise finalisation and entry into an At-the-Market (ATM) Financing Deed with 8 Equity Pty Ltd an agreement with 8 Equity Pty Ltd. The ATM facility provides the Company with up to $2,000,000 of standby equity capital over the coming 3-year term. Under the agreement, the Company issued 97 million shares in September 2023 as collateral against the facility. These shares were issued at no cost. To date, the Company has utilised the ATM to raise $157,630. The remaining standby equity capital available under the ATM, on a post consolidation basis, is currently 2,126,996 shares which has been marked to market in this cashflow report as $153,144. There is no guarantee that the Company will be able to execute a utilisation under the Agreement, which is subject to, for example, market conditions and the prevailing share price. The Company retains full control of all aspects of the placement process. There are no requirements on the Company to utilise the facility and it may terminate the Agreement at any time, without cost or penalty.","No, the July/August/September quarter’s spend includes expenditure on completed on exploration drill programmes completed at Lo Herma during May, June and July.","After the end of the quarter, on 16 April 2026, the Company completed a placement to raise $2.64 million before costs and on 23 April 2026 issued an Entitlements Issue Prospectus to raise a further $2.58 million before costs. The Entitlements Issue closed on July 15, 2026, having raised $0.1 million with the Shortfall of $2,485,971 available to be placed until 15 October 2026.","Yes, on the basis of the placement completed on 16 April 2026 and the Entitlements Issue which closed on 15 July 2026 and Shortfall available to be placed until 15 October 2026.",Item 6: Payments of Directors fees and salaries,,ticker not stated in message (ASX:AMU taken from file name); item 2.5 label printed as 'Cash acquired on acquisition' instead of standard 'Other (provide details if material)'; 8.8.2 text describes 16 April 2026 placement as after quarter end though quarter ended 30 June 2026; 2.1(a) and 3.1 values assigned by position on page,0.9,
ASX:AEU,Atomic Eagle Limited,2026-06-30,AUD,$A'000,asxaeu.pdf,2026-07-28,0.0,0.0,-1940000.0,-2348000.0,0.0,0.0,0.0,0.0,32000.0,-470000.0,-517000.0,-1700000.0,0.0,0.0,143000.0,219000.0,0.0,0.0,-269000.0,-269000.0,0.0,0.0,81000.0,81000.0,-2470000.0,-5281000.0,0.0,0.0,0.0,0.0,-308000.0,-502000.0,0.0,0.0,0.0,0.0,-28000.0,-120000.0,0.0,0.0,0.0,0.0,0.0,0.0,0.0,0.0,0.0,0.0,0.0,0.0,0.0,0.0,0.0,0.0,-336000.0,-622000.0,528000.0,594000.0,0.0,0.0,0.0,0.0,0.0,0.0,0.0,0.0,0.0,0.0,0.0,0.0,0.0,0.0,0.0,0.0,528000.0,594000.0,16313000.0,19339000.0,-2470000.0,-5281000.0,-336000.0,-622000.0,528000.0,594000.0,-211000.0,-206000.0,13824000.0,13824000.0,13824000.0,16313000.0,0.0,0.0,0.0,0.0,0.0,0.0,13824000.0,16313000.0,134000.0,0.0,0.0,0.0,0.0,0.0,0.0,0.0,0.0,0.0,0.0,-2470000.0,0.0,-2470000.0,13824000.0,0.0,13824000.0,5.6,royalty payments received by the Singapore subsidiary,,,,,,,"Label annotations as printed: 1.2(d) 'staff costs, net of reclassification ($310K) to exploration and evaluation costs'; 2.1(f) 'other non-current assets (security deposit on office lease)'",1.2(f)|Goviex termination payments|0|-794000,"ticker not stated in message (ASX:AEU taken from file name); extra line 1.2(f) Goviex termination payments added by company; YTD column header does not state period length; 1.2(a), 2.1(a) and 3.1 values assigned by position on page",5.6,
ASX:1AE,Aurora Energy Metals Limited,2026-06-30,AUD,$A'000,60c2e97d-298.pdf,2026-07-29,0.0,0.0,0.0,-98000.0,0.0,0.0,0.0,0.0,-171000.0,-485000.0,-22000.0,-330000.0,0.0,0.0,11000.0,37000.0,0.0,0.0,0.0,0.0,0.0,0.0,0.0,753000.0,-182000.0,-122000.0,0.0,0.0,0.0,-50000.0,-4000.0,-4000.0,-34000.0,-64000.0,0.0,0.0,0.0,0.0,0.0,0.0,0.0,0.0,0.0,0.0,0.0,0.0,0.0,0.0,0.0,0.0,0.0,0.0,0.0,0.0,-38000.0,-118000.0,0.0,0.0,0.0,0.0,0.0,0.0,0.0,0.0,0.0,0.0,0.0,0.0,0.0,0.0,0.0,0.0,0.0,0.0,0.0,0.0,1314000.0,1354000.0,-182000.0,-122000.0,-38000.0,-118000.0,0.0,0.0,-2000.0,-22000.0,1092000.0,1092000.0,742000.0,564000.0,350000.0,750000.0,0.0,0.0,0.0,0.0,1092000.0,1314000.0,85000.0,,0.0,0.0,0.0,0.0,0.0,0.0,0.0,0.0,0.0,-182000.0,-34000.0,-216000.0,1092000.0,0.0,1092000.0,5.0,"Option Fees, work program reimbursements from Eagle Energy, bond refund",,,,,,,,,ticker not provided in message; 8.7 printed 5 vs 8.6/8.3 = 1092/216 = 5.06 (difference 0.06),5,
ASX:BMN,BANNERMAN ENERGY LTD,2026-06-30,AUD,$A'000,7650893.pdf,2026-07-27,0.0,0.0,0.0,0.0,0.0,0.0,0.0,0.0,-387000.0,-1600000.0,1242000.0,-7221000.0,0.0,0.0,829000.0,3792000.0,3000.0,-5000.0,0.0,0.0,6000.0,27000.0,0.0,0.0,1693000.0,-5007000.0,0.0,0.0,0.0,0.0,-10363000.0,-39817000.0,-8220000.0,-27787000.0,0.0,-642000.0,0.0,-34000.0,0.0,0.0,0.0,0.0,1000.0,7000.0,0.0,0.0,0.0,0.0,0.0,0.0,0.0,0.0,0.0,0.0,-18582000.0,-68273000.0,0.0,85000000.0,0.0,0.0,0.0,0.0,0.0,-4249000.0,0.0,0.0,-154000.0,-372000.0,0.0,0.0,0.0,0.0,0.0,0.0,-154000.0,80379000.0,69928000.0,46204000.0,1693000.0,-5007000.0,-18582000.0,-68273000.0,-154000.0,80379000.0,240000.0,-178000.0,53125000.0,53125000.0,5747000.0,11166000.0,47378000.0,58762000.0,0.0,0.0,0.0,0.0,53125000.0,69928000.0,320000.0,0.0,0.0,0.0,0.0,0.0,0.0,0.0,0.0,0.0,0.0,1693000.0,-8220000.0,-6527000.0,53125000.0,0.0,53125000.0,8.1,,,,,,,,,,ticker not provided in message,8.1,
ASX:AGE,Alligator Energy Limited,2026-06-30,AUD,$A'000,7658004.pdf,2026-07-30,0.0,0.0,0.0,0.0,0.0,0.0,0.0,0.0,-382000.0,-1989000.0,-1477000.0,-4375000.0,0.0,0.0,145000.0,891000.0,-21000.0,-21000.0,0.0,0.0,0.0,702000.0,0.0,0.0,-1735000.0,-4792000.0,0.0,0.0,0.0,0.0,-38000.0,-160000.0,-4229000.0,-15608000.0,0.0,0.0,0.0,0.0,4832000.0,4932000.0,648000.0,648000.0,53000.0,53000.0,0.0,0.0,0.0,0.0,0.0,0.0,0.0,0.0,17000.0,-2215000.0,1283000.0,-12350000.0,0.0,0.0,0.0,0.0,0.0,0.0,0.0,-88000.0,0.0,0.0,0.0,0.0,0.0,0.0,0.0,0.0,67000.0,15000.0,67000.0,-73000.0,13320000.0,30149000.0,-1735000.0,-4792000.0,1282000.0,-12350000.0,67000.0,-73000.0,0.0,0.0,12934000.0,12934000.0,5934000.0,320000.0,7000000.0,13000000.0,0.0,0.0,0.0,0.0,12934000.0,13320000.0,169000.0,0.0,0.0,0.0,0.0,0.0,0.0,0.0,0.0,0.0,0.0,-1735000.0,-4229000.0,-5964000.0,12934000.0,0.0,12934000.0,2.17,,,,,,,,2.1(e): investments (EnviroCopper); 2.5: property and tenement bonds; 3.9: (lease payments)/lease incentive received; 6.1: The payment amounts disclosed in 6.1 above relate to director fees.,,ticker not provided in message; 4.3 current quarter printed 1282 vs 2.6 current quarter printed 1283 (difference 1000 in full units; 1 in $A'000),2.17,
ASX:BKY,Berkeley Energia Limited,2026-06-30,AUD,$A'000,BKY_News.pdf,2026-07-30,0.0,0.0,-372000.0,-2273000.0,0.0,0.0,0.0,0.0,-343000.0,-1200000.0,-183000.0,-1340000.0,0.0,0.0,449000.0,2113000.0,0.0,0.0,0.0,0.0,0.0,0.0,,,-1267000.0,-7780000.0,0.0,0.0,0.0,0.0,0.0,0.0,0.0,0.0,0.0,0.0,0.0,0.0,0.0,0.0,0.0,0.0,0.0,0.0,0.0,0.0,0.0,0.0,0.0,0.0,0.0,0.0,0.0,0.0,0.0,0.0,0.0,0.0,0.0,0.0,0.0,0.0,0.0,-3000.0,0.0,0.0,0.0,0.0,0.0,0.0,0.0,0.0,0.0,0.0,0.0,-3000.0,63996000.0,73594000.0,-1267000.0,-7780000.0,0.0,0.0,0.0,-3000.0,-294000.0,-3376000.0,62435000.0,62435000.0,61385000.0,63946000.0,50000.0,50000.0,0.0,0.0,0.0,0.0,62435000.0,63996000.0,-137000.0,0.0,0.0,0.0,0.0,0.0,0.0,0.0,0.0,0.0,0.0,-1267000.0,0.0,-1267000.0,62435000.0,0.0,62435000.0,,,,,Not applicable,Not applicable,Not applicable,Not applicable,,1.8(a)|Business Development|-1000|-98000;1.8(b)|Arbitration related expenses|-817000|-4982000,ticker not provided in message; 5.5 current quarter printed 62435000 vs 5.1+5.2 = 61385000+50000 = 61435000 (difference 1000000); 8.7 printed >10 (non-numeric) left blank; 8.6/8.3 = 62435000/1267000 = 49.28,over 10,Reported 8.7 printed as '>10'; shown as 'over 10'.
ASX:DEV,DEVEX RESOURCES LIMITED,2026-06-30,AUD,$A'000,61336303-1.pdf,2026-07-30,0.0,0.0,-2273000.0,-7397000.0,0.0,0.0,0.0,0.0,-216000.0,-1147000.0,-379000.0,-1298000.0,0.0,0.0,430000.0,834000.0,-3000.0,-7000.0,0.0,0.0,0.0,0.0,0.0,0.0,-2441000.0,-9015000.0,-6584000.0,-6969000.0,0.0,0.0,-136000.0,-203000.0,0.0,0.0,0.0,-200000.0,0.0,0.0,0.0,0.0,0.0,0.0,0.0,0.0,0.0,0.0,0.0,0.0,0.0,0.0,0.0,0.0,0.0,0.0,-6720000.0,-7372000.0,0.0,38916000.0,0.0,0.0,0.0,0.0,-7000.0,-1792000.0,0.0,0.0,-31000.0,-125000.0,0.0,0.0,0.0,0.0,-353000.0,-560000.0,-391000.0,36439000.0,36723000.0,7119000.0,-2441000.0,-9015000.0,-6720000.0,-7372000.0,-391000.0,36439000.0,0.0,0.0,27171000.0,27171000.0,12934000.0,12934000.0,14237000.0,14237000.0,0.0,0.0,0.0,0.0,27171000.0,27171000.0,213000.0,0.0,0.0,0.0,0.0,0.0,0.0,0.0,0.0,0.0,0.0,-2441000.0,0.0,-2441000.0,27171000.0,0.0,27171000.0,11.13,,,,,Not applicable,Not applicable,Not applicable,3.9: Security Deposits,,ticker not provided in message; item 5 previous quarter column repeats the current quarter figures (5.5 previous quarter printed 27171 vs 4.1 current quarter beginning cash printed 36723),11.13,
ASX:DYL,Deep Yellow Limited,2026-06-30,AUD,$A'000,a2cf0935-8cd.pdf,2026-07-28,0.0,0.0,0.0,0.0,-11151000.0,-48231000.0,0.0,0.0,-1775000.0,-7413000.0,-1649000.0,-4535000.0,,,1774000.0,7426000.0,-32000.0,-116000.0,0.0,0.0,2685000.0,4019000.0,0.0,0.0,-10284000.0,-49477000.0,0.0,0.0,0.0,0.0,-191000.0,-545000.0,-2760000.0,-13150000.0,0.0,0.0,0.0,0.0,0.0,0.0,0.0,0.0,21000.0,64000.0,0.0,0.0,0.0,0.0,0.0,0.0,0.0,0.0,0.0,0.0,-2930000.0,-13631000.0,37000.0,5201000.0,0.0,0.0,0.0,0.0,0.0,0.0,0.0,0.0,0.0,0.0,0.0,0.0,0.0,0.0,-98000.0,-318000.0,-61000.0,4883000.0,171560000.0,217369000.0,-10284000.0,-49477000.0,-2930000.0,-13631000.0,-61000.0,4883000.0,1691000.0,832000.0,159976000.0,159976000.0,83899000.0,96400000.0,76077000.0,75160000.0,0.0,0.0,0.0,0.0,159976000.0,171560000.0,323000.0,0.0,0.0,0.0,0.0,0.0,0.0,0.0,0.0,0.0,0.0,-10284000.0,-2760000.0,-13044000.0,159976000.0,0.0,159976000.0,12.0,,,,,,,,1.5: Finance charges on right-of-use assets (treatment of office and vehicle leases in accordance with Accounting Standards); 1.7: Research and development (R&D) grant received in respect of FY24; 3.9: payments of lease liabilities; 6.1: A total of $323k was paid to related parties of the entities and their associates as follows: • $182k as Executive Director remuneration; and • $141k to various individuals as Non-Executive Director fees,1.8|Payments for evaluation of project acquisition opportunities|-136000|-627000,ticker not provided in message; 1.3 shows only one dash in the text layer so the column could not be determined (both left blank); 8.7 printed 12 vs 8.6/8.3 = 159976/13044 = 12.26 (difference 0.26),12,
ASX:BSN,BASIN ENERGY LIMITED,2026-06-30,AUD,$A'000,BSN_Quarterly_Activities_Appendix_5B_Cash_Flow_Report.pdf,2026-07-31,0.0,0.0,-37000.0,-161000.0,0.0,0.0,0.0,0.0,-13000.0,-385000.0,-147000.0,-670000.0,0.0,0.0,2000.0,16000.0,0.0,0.0,0.0,0.0,0.0,0.0,0.0,0.0,-195000.0,-1200000.0,0.0,-53000.0,0.0,0.0,-2000.0,-6000.0,-40000.0,-873000.0,0.0,0.0,0.0,0.0,0.0,0.0,0.0,0.0,0.0,0.0,0.0,0.0,0.0,0.0,0.0,0.0,0.0,0.0,0.0,-58000.0,-42000.0,-990000.0,1100000.0,2350000.0,0.0,0.0,0.0,0.0,-7000.0,-17000.0,0.0,0.0,0.0,0.0,0.0,0.0,0.0,0.0,0.0,0.0,1093000.0,2333000.0,262000.0,992000.0,-195000.0,-1200000.0,-42000.0,-990000.0,1093000.0,2333000.0,3000.0,-14000.0,1121000.0,1121000.0,1121000.0,262000.0,0.0,0.0,0.0,0.0,0.0,0.0,1121000.0,262000.0,107000.0,0.0,0.0,0.0,0.0,0.0,0.0,0.0,0.0,0.0,0.0,-195000.0,-40000.0,-235000.0,1121000.0,0.0,1121000.0,4.77,,,,,,,,2.1(d): capitalised; 2.5: net payments for cash backed guarantees,,ticker not provided in message,4.77,
ASX:CXU,Cauldron Energy Limited,2026-06-30,AUD,$A'000,CXU_Quarterly_Activities_Appendix_5B_Cash_Flow_Report.pdf,2026-07-30,0.0,0.0,-269000.0,-1946000.0,0.0,0.0,0.0,0.0,-138000.0,-661000.0,-214000.0,-770000.0,0.0,0.0,40000.0,58000.0,0.0,0.0,0.0,0.0,0.0,0.0,,,-569000.0,-3364000.0,,,,,,,,,,,,,,,,,,,375000.0,931000.0,,,,,,,,,375000.0,931000.0,,,,,0.0,3717000.0,,,,,,,,,,,,,0.0,3717000.0,4473000.0,2396000.0,-569000.0,-3364000.0,375000.0,931000.0,0.0,3717000.0,0.0,0.0,3680000.0,3680000.0,3680000.0,3874000.0,0.0,0.0,0.0,0.0,0.0,0.0,3680000.0,3874000.0,61000.0,,,,,,,0.0,0.0,,,-569000.0,0.0,-569000.0,3680000.0,0.0,3680000.0,6.47,,,,,,,,,ticker not provided in message; 4.1+4.2+4.3+4.4+4.5 current quarter = 4473-569+375+0+0 = 4279 vs 4.6 printed 3680 (difference 599); 4.1 current quarter printed 4473 vs 5.5 previous quarter printed 3874; 8.1 and 8.3 printed 569 (positive) vs 1.9 printed -569; 8.3 printed as a net cash inflow figure but 8.7 given as 6.47 rather than N/A,,6.47,"Section 8 was shifted one column; realigned (3,680,000 / 569,000 = 6.47 matches printed 8.7)."
ASX:EL8,Elevate Uranium Ltd,2026-06-30,AUD,$A'000,6A1335840_EL8.pdf,2026-07-29,0.0,0.0,-4371000.0,-11298000.0,0.0,0.0,0.0,0.0,-328000.0,-1278000.0,-572000.0,-1966000.0,0.0,0.0,322000.0,1202000.0,0.0,0.0,0.0,0.0,56000.0,107000.0,0.0,50000.0,-4893000.0,-13183000.0,0.0,0.0,0.0,-2855000.0,-162000.0,-594000.0,0.0,0.0,-13000.0,559000.0,0.0,0.0,0.0,0.0,0.0,0.0,0.0,0.0,0.0,0.0,0.0,0.0,0.0,0.0,0.0,0.0,0.0,0.0,-175000.0,-2890000.0,0.0,25000000.0,0.0,0.0,0.0,0.0,0.0,-1643000.0,0.0,0.0,0.0,0.0,0.0,0.0,0.0,0.0,,,-53000.0,23160000.0,33997000.0,21714000.0,-4893000.0,-13183000.0,-175000.0,-2890000.0,-53000.0,23160000.0,-46000.0,29000.0,28830000.0,28830000.0,7118000.0,6463000.0,21712000.0,27534000.0,0.0,0.0,0.0,0.0,28830000.0,33997000.0,210000.0,0.0,,,,,,,,,,-4893000.0,0.0,-4893000.0,28830000.0,0.0,28830000.0,5.89,,,,,,,,6.1: Payment of fees and salary plus superannuation to directors and reimbursement of expenses incurred on behalf of the Company.,3.9a|Proceeds from issues of equity securities to be allotted|0|0;3.9b|Repayment of lease liabilities|-53000|-197000,ticker not provided in message,5.89,
ASX:EPM,ECLIPSE METALS LIMITED,2026-03-31,AUD,$A'000,03085103.pdf,2026-04-30,0.0,0.0,-300000.0,-1477000.0,0.0,0.0,0.0,0.0,0.0,0.0,-234000.0,-1768000.0,0.0,0.0,7000.0,14000.0,0.0,0.0,0.0,0.0,0.0,0.0,60000.0,129000.0,-467000.0,-3102000.0,0.0,0.0,0.0,0.0,0.0,0.0,0.0,0.0,0.0,0.0,0.0,0.0,0.0,0.0,0.0,0.0,0.0,0.0,0.0,0.0,0.0,0.0,0.0,0.0,0.0,0.0,0.0,0.0,0.0,0.0,0.0,6221000.0,0.0,0.0,0.0,0.0,0.0,-297000.0,0.0,0.0,0.0,0.0,0.0,0.0,0.0,0.0,0.0,0.0,0.0,5924000.0,5417000.0,2137000.0,-467000.0,-3102000.0,0.0,0.0,0.0,5924000.0,-2000.0,-12000.0,4947000.0,4947000.0,4947000.0,5417000.0,0.0,0.0,0.0,0.0,0.0,0.0,4947000.0,5417000.0,99000.0,0.0,0.0,0.0,0.0,0.0,0.0,0.0,0.0,0.0,0.0,-467000.0,0.0,-467000.0,4947000.0,0.0,4947000.0,11.0,,,,,,,,1.8: BAS; 2.1(d): * Prior quarter amounts have been re-positioned for consistency with current quarter disclosures.; 2.5: Cash acquired on acquisition; 6.1: Payments of Directors fees $99K (excl. GST),,ticker not provided in message; 8.1 and 8.3 printed 467 (positive) vs 1.9 printed -467; 8.7 printed 11 vs 8.6/8.3 = 4947/467 = 10.59 (difference 0.41); 8.7 given as a figure although 8.3 is printed as positive,11,"8.1 and 8.3 printed positive in the source; set equal to 1.9 (-467,000)."
ASX:LOT,LOTUS RESOURCES LIMITED,2026-06-30,AUD,$A'000,03116042.pdf,2026-07-30,0.0,0.0,0.0,0.0,0.0,0.0,-24603000.0,-60825000.0,-914000.0,-3752000.0,-935000.0,-4085000.0,0.0,0.0,753000.0,2742000.0,-303000.0,-588000.0,0.0,0.0,0.0,67000.0,0.0,0.0,-26002000.0,-66441000.0,0.0,0.0,0.0,0.0,-19958000.0,-117043000.0,-316000.0,-2340000.0,,,-25000.0,-137000.0,0.0,0.0,0.0,0.0,0.0,0.0,0.0,0.0,0.0,0.0,0.0,0.0,0.0,0.0,0.0,0.0,-20299000.0,-119520000.0,0.0,144478000.0,0.0,0.0,0.0,0.0,-107000.0,-8659000.0,0.0,10857000.0,-448000.0,-448000.0,0.0,0.0,0.0,0.0,0.0,0.0,-555000.0,146228000.0,85041000.0,75934000.0,-26002000.0,-66441000.0,-20299000.0,-119520000.0,-555000.0,146228000.0,-7999000.0,-6015000.0,30186000.0,30186000.0,10683000.0,17500000.0,19503000.0,9683000.0,0.0,0.0,0.0,57858000.0,30186000.0,85041000.0,267000.0,0.0,12294000.0,10693000.0,0.0,0.0,0.0,0.0,12294000.0,10693000.0,,-26002000.0,-316000.0,-26318000.0,30186000.0,1601000.0,31787000.0,1.21,,,,Lotus (Africa) Limited (Malawian entity) has a US$8.5M equipment finance facility with First Capital Bank plc (Lender) which may be used to fund 70% of the cost of mobile equipment and 80% of light vehicles and buses. The Lender will have security over the equipment financed. The facility has a term of 5 years from first drawdown (8 October 2025) with repayments monthly over equal instalments over the term of the facility (there is no repayment of principal or interest in the first 6 months). Interest will be at a floating rate of SOFR plus a premium (currently less than 10% per annum). The Company has entered into a A$35 million unsecured convertible note (subject to shareholder approval and other conditions precedent) and has entered a commitment letter (which is subject to final documentation and other conditions precedent) for a US$30 million inventory-backed prepayment facility and marketing agreement. Refer to the Quarterly Report for further details.,Net operating cash flows are expected to continue at current or higher levels as production activities increase on site.,"Yes, subsequent to the period, the Company has announced a fundraising package (refer to announcement dated 23 July 2026). The institutional entitlement offer of the accelerated non-renounceable entitlement offer has been completed with funds to be received by the entity at settlement on 31 July 2026 (refer to ASX announcement dated 27 July 2026). The retail entitlement is expected to settle on 19 August 2026 and the A$35 million Convertible Notes (and Detachable Warrants) on 7 September 2026 (subject to shareholder approval and other conditions precedents).","Yes, based on the fundraising package described under 8.8.2 and the expectation of operations generating revenue in coming quarters.","4.5: Item 4.5 represents foreign currency translation movements on USD denominated payments and receipts, and revaluations of foreign currency bank accounts.; 5.4: term deposits <3 months; 6.1: Item 6.1 of $267k includes payments related to all Directors for fees, superannuation, and reimbursement of travel expenses.",,ticker not provided in message; 2.1(e) only one dash printed in the text layer so column could not be determined (both q and ytd left blank); 7.5 printed blank while 8.5 printed 1601 (7.4 total 12294 less drawn 10693 = 1601),1.21,
ASX:HAR,HARANGA RESOURCES LIMITED (HAR),2026-06-30,AUD,$A'000,03116404.pdf,2026-07-31,,,-2114000.0,-4100000.0,0.0,0.0,0.0,0.0,-107000.0,-196000.0,-336000.0,-707000.0,0.0,0.0,93000.0,128000.0,0.0,-1000.0,0.0,0.0,0.0,0.0,0.0,0.0,-2464000.0,-4876000.0,0.0,0.0,0.0,0.0,-163000.0,-525000.0,0.0,0.0,0.0,0.0,0.0,0.0,0.0,0.0,0.0,0.0,0.0,0.0,0.0,0.0,0.0,0.0,0.0,0.0,0.0,0.0,0.0,0.0,-163000.0,-525000.0,0.0,0.0,0.0,0.0,41000.0,235000.0,0.0,-8000.0,0.0,0.0,-422000.0,-901000.0,0.0,0.0,0.0,0.0,0.0,0.0,-381000.0,-674000.0,9305000.0,12386000.0,-2464000.0,-4876000.0,-163000.0,-525000.0,-381000.0,-674000.0,14000.0,0.0,6311000.0,6311000.0,6311000.0,9305000.0,0.0,0.0,0.0,0.0,0.0,0.0,6311000.0,9305000.0,-121000.0,0.0,0.0,0.0,0.0,0.0,0.0,0.0,0.0,0.0,0.0,-2464000.0,0.0,-2464000.0,6311000.0,0.0,6311000.0,2.56,,,,,,,,"3.9: Funds raised shares to be issued; 5.5: (*); 6.1: Payment for executive director salary relating to previous and current quarters, payment for non-executive director fees.; 7.3: unrelated party loan",,ticker not provided in message; 1.1 cells printed blank (left empty); 5.5 marked (*) with no corresponding footnote in the text provided,2.56,
ASX:KOB,KOBA RESOURCES LIMITED,2026-06-30,AUD,$A'000,Microsoft_Word_-_Koba_Quarterly_Report_-_July_2026__v_FINAL__docx.pdf,2026-07-30,0.0,0.0,0.0,0.0,0.0,0.0,0.0,0.0,-42000.0,-166000.0,-75000.0,-396000.0,0.0,0.0,25000.0,29000.0,0.0,0.0,0.0,0.0,0.0,0.0,0.0,0.0,-92000.0,-533000.0,0.0,0.0,0.0,-798000.0,0.0,-2000.0,-420000.0,-1310000.0,0.0,0.0,0.0,0.0,0.0,0.0,0.0,0.0,0.0,0.0,0.0,0.0,0.0,0.0,0.0,0.0,0.0,0.0,0.0,0.0,-420000.0,-2110000.0,0.0,5194000.0,0.0,0.0,0.0,0.0,0.0,-447000.0,0.0,0.0,0.0,0.0,0.0,0.0,0.0,0.0,0.0,0.0,0.0,4747000.0,3747000.0,1134000.0,-92000.0,-533000.0,-420000.0,-2110000.0,0.0,4747000.0,-1000.0,-4000.0,3234000.0,3234000.0,1234000.0,1247000.0,2000000.0,2500000.0,0.0,0.0,0.0,0.0,3234000.0,3747000.0,52000.0,60000.0,0.0,0.0,0.0,0.0,0.0,0.0,0.0,0.0,0.0,-92000.0,-420000.0,-512000.0,3234000.0,0.0,3234000.0,6.32,,,,,,,,"2.1(b): *Payments in relation to the acquisition of the Stannary Hills and Mt Garnet Tin-Tungsten Projects.; 4.6: **Excludes the value of listed investments of ~$216k (based on applicable share prices at 30 June 2026).; 6.1: ***Includes serviced office fees of $12k paid to MQB Ventures Pty Ltd, a company of which Michael Haynes is a director. Total serviced office fees paid to MQB since commencement of the original serviced office lease in March 2022 are $428k.",,ticker not provided in message,6.32,
ASX:EME,Energy Metals Limited,2026-06-30,AUD,$A'000,Quarterly_Activities_Appendix_5B_Cash_Flow_Report.pdf,2026-07-28,8000.0,31000.0,-17000.0,-72000.0,0.0,0.0,0.0,0.0,-49000.0,-109000.0,-132000.0,-294000.0,0.0,0.0,66000.0,170000.0,-2000.0,-4000.0,0.0,0.0,0.0,0.0,0.0,0.0,-126000.0,-278000.0,0.0,0.0,0.0,0.0,0.0,0.0,-511000.0,-815000.0,-56000.0,-56000.0,0.0,0.0,0.0,0.0,0.0,0.0,0.0,0.0,0.0,0.0,0.0,0.0,0.0,0.0,0.0,0.0,-567000.0,-871000.0,0.0,0.0,0.0,0.0,0.0,0.0,0.0,0.0,0.0,0.0,-13000.0,-26000.0,0.0,0.0,0.0,0.0,0.0,0.0,-13000.0,-26000.0,7829000.0,8298000.0,-126000.0,-278000.0,-567000.0,-871000.0,-13000.0,-26000.0,0.0,0.0,7123000.0,7123000.0,1163000.0,1401000.0,0.0,0.0,0.0,0.0,5960000.0,6428000.0,7123000.0,7829000.0,60000.0,0.0,,,,,,,,,,,,-126000.0,-511000.0,-637000.0,7123000.0,0.0,7123000.0,11.2,,,Not applicable.,Not applicable.,Not applicable.,1.8: management fee received from JV; 2.1(e): term deposit held by the joint venture; 5.4: term deposits; 8.1: excluding GST refund,,ticker not provided in message,,,11.2,"Section 8 realigned (7,123 / 637 = 11.2 matches 8.7). Sections 4-5 look shifted too and do not reconcile to 8.4; re-extract."
